Workbook

Sheet Sequential
A1: n | B1: rep1_ms | C1: rep2_ms | D1: rep3_ms | E1: T1_avg_ms
A2: 100 | B2: 0.82065 | C2: 0.702571 | D2: 0.813551 | E2: =AVERAGE(B2:D2) -> 0.778924
A3: 200 | B3: 7.58591 | C3: 8.53543 | D3: 8.1876 | E3: =AVERAGE(B3:D3) -> 8.10298
A4: 400 | B4: 62.9141 | C4: 63.3766 | D4: 72.8303 | E4: =AVERAGE(B4:D4) -> 66.373667
A5: 800 | B5: 907.156 | C5: 1277.68 | D5: 811.241 | E5: =AVERAGE(B5:D5) -> 998.69233
A6: 1200 | B6: 3811.47 | C6: 3763.77 | D6: 3741.68 | E6: =AVERAGE(B6:D6) -> 3772.3067
A7: 1600 | B7: 22814.9 | C7: 22945.6 | D7: 22457.8 | E7: =AVERAGE(B7:D7) -> 22739.433

Sheet Parallel
A1: n | B1: p | C1: rep1_ms | D1: rep2_ms | E1: rep3_ms | F1: Tp_avg_ms
A2: 200 | B2: 1 | C2: 6.92593 | D2: 8.09321 | E2: 11.313 | F2: =AVERAGE(C2:E2) -> 8.77738
A3: 200 | B3: 2 | C3: 8.93206 | D3: 6.61358 | E3: 6.67557 | F3: =AVERAGE(C3:E3) -> 7.40707
A4: 200 | B4: 4 | C4: 7.0664 | D4: 6.99441 | E4: 7.44423 | F4: =AVERAGE(C4:E4) -> 7.1683467
A5: 200 | B5: 8 | C5: 7.93414 | D5: 8.131 | E5: 7.80017 | F5: =AVERAGE(C5:E5) -> 7.9551033
A6: 400 | B6: 1 | C6: 62.0288 | D6: 77.3803 | E6: 80.6404 | F6: =AVERAGE(C6:E6) -> 73.349833
A7: 400 | B7: 2 | C7: 68.5077 | D7: 77.1718 | E7: 72.1694 | F7: =AVERAGE(C7:E7) -> 72.6163
A8: 400 | B8: 4 | C8: 81.628 | D8: 71.2496 | E8: 70.316 | F8: =AVERAGE(C8:E8) -> 74.397867
A9: 400 | B9: 8 | C9: 73.8481 | D9: 81.6472 | E9: 70.8544 | F9: =AVERAGE(C9:E9) -> 75.4499
A10: 800 | B10: 1 | C10: 729.384 | D10: 773.565 | E10: 828.981 | F10: =AVERAGE(C10:E10) -> 777.31
A11: 800 | B11: 2 | C11: 813.365 | D11: 905.141 | E11: 785.884 | F11: =AVERAGE(C11:E11) -> 834.79667
A12: 800 | B12: 4 | C12: 771.962 | D12: 776.867 | E12: 784.885 | F12: =AVERAGE(C12:E12) -> 777.90467
A13: 800 | B13: 8 | C13: 761.254 | D13: 693.001 | E13: 728.208 | F13: =AVERAGE(C13:E13) -> 727.48767
... A17: 1200 | B17: 8 | C17: 4952.59 | D17: 3865.28 | E17: 3830.51 | F17: =AVERAGE(C17:E17) -> 4216.1267

Sheet PartA_Model
A1: Reference size n0: | B1: 800
A2: C = T1(n0) / n0^3 (ms per unit n^3): | B2: =INDEX(Sequential!$E$2:$E$7,MATCH(B1,Sequential!$A$2:$A$7,0))/(B1^3) -> 1.950571e-06 | D2: Log-log slope (expected ~3): | E2: =SLOPE(E5:E10,D5:D10) -> 3.6010229
A4: n | B4: T1_measured_ms | C4: Tmodel_C_n3_ms | D4: log10(n) | E4: log10(T1) | F4: R(n)=T1(2n)/T1(n)
A5: 100 | B5: =INDEX(Sequential!$E$2:$E$7,MATCH(A5,Sequential!$A$2:$A$7,0)) -> 0.778924 | C5: =$B$2*A5^3 -> 1.950571 | D5: =LOG10(A5) -> 2 | E5: =LOG10(B5) -> -0.10850491 | F5: =IFERROR(INDEX(Sequential!$E$2:$E$7,MATCH(2*A5,Sequential!$A$2:$A$7,0))/B5,"") -> 10.402786
A6: 200 | B6: =INDEX(Sequential!$E$2:$E$7,MATCH(A6,Sequential!$A$2:$A$7,0)) -> 8.10298 | C6: =$B$2*A6^3 -> 15.604568 | D6: =LOG10(A6) -> 2.30103 | E6: =LOG10(B6) -> 0.90864477 | F6: =IFERROR(INDEX(Sequential!$E$2:$E$7,MATCH(2*A6,Sequential!$A$2:$A$7,0))/B6,"") -> 8.1912663
A7: 400 | B7: =INDEX(Sequential!$E$2:$E$7,MATCH(A7,Sequential!$A$2:$A$7,0)) -> 66.373667 | C7: =$B$2*A7^3 -> 124.83654 | D7: =LOG10(A7) -> 2.60206 | E7: =LOG10(B7) -> 1.8219958 | F7: =IFERROR(INDEX(Sequential!$E$2:$E$7,MATCH(2*A7,Sequential!$A$2:$A$7,0))/B7,"") -> 15.046514
A8: 800 | B8: =INDEX(Sequential!$E$2:$E$7,MATCH(A8,Sequential!$A$2:$A$7,0)) -> 998.69233 | C8: =$B$2*A8^3 -> 998.69233 | D8: =LOG10(A8) -> 2.90309 | E8: =LOG10(B8) -> 2.9994317 | F8: =IFERROR(INDEX(Sequential!$E$2:$E$7,MATCH(2*A8,Sequential!$A$2:$A$7,0))/B8,"") -> 22.769208
A9: 1200 | B9: =INDEX(Sequential!$E$2:$E$7,MATCH(A9,Sequential!$A$2:$A$7,0)) -> 3772.3067 | C9: =$B$2*A9^3 -> 3370.5866 | D9: =LOG10(A9) -> 3.0791812 | E9: =LOG10(B9) -> 3.576607 | F9: =IFERROR(INDEX(Sequential!$E$2:$E$7,MATCH(2*A9,Sequential!$A$2:$A$7,0))/B9,"")
A10: 1600 | B10: =INDEX(Sequential!$E$2:$E$7,MATCH(A10,Sequential!$A$2:$A$7,0)) -> 22739.433 | C10: =$B$2*A10^3 -> 7989.5387 | D10: =LOG10(A10) -> 3.20412 | E10: =LOG10(B10) -> 4.3567796 | F10: =IFERROR(INDEX(Sequential!$E$2:$E$7,MATCH(2*A10,Sequential!$A$2:$A$7,0))/B10,"")

Sheet PartB_Scaling
A1: n | B1: p | C1: Tp_avg_ms | D1: T1(n)_ms | E1: Sp (speedup) | F1: Ep (efficiency) | G1: Ideal_Sp
A2: 200 | B2: 1 | C2: =SUMPRODUCT((Parallel!$A$2:$A$17=A2)*(Parallel!$B$2:$B$17=B2)*Parallel!$F$2:$F$17) -> 8.77738 | D2: =INDEX(Sequential!$E$2:$E$7,MATCH(A2,Sequential!$A$2:$A$7,0)) -> 8.10298 | E2: =D2/C2 -> 0.92316614 | F2: =E2/B2 -> 0.92316614 | G2: =B2 -> 1
A3: 200 | B3: 2 | C3: =SUMPRODUCT((Parallel!$A$2:$A$17=A3)*(Parallel!$B$2:$B$17=B3)*Parallel!$F$2:$F$17) -> 7.40707 | D3: =INDEX(Sequential!$E$2:$E$7,MATCH(A3,Sequential!$A$2:$A$7,0)) -> 8.10298 | E3: =D3/C3 -> 1.0939521 | F3: =E3/B3 -> 0.54697606 | G3: =B3 -> 2
A4: 200 | B4: 4 | C4: =SUMPRODUCT((Parallel!$A$2:$A$17=A4)*(Parallel!$B$2:$B$17=B4)*Parallel!$F$2:$F$17) -> 7.1683467 | D4: =INDEX(Sequential!$E$2:$E$7,MATCH(A4,Sequential!$A$2:$A$7,0)) -> 8.10298 | E4: =D4/C4 -> 1.1303834 | F4: =E4/B4 -> 0.28259585 | G4: =B4 -> 4
A5: 200 | B5: 8 | C5: =SUMPRODUCT((Parallel!$A$2:$A$17=A5)*(Parallel!$B$2:$B$17=B5)*Parallel!$F$2:$F$17) -> 7.9551033 | D5: =INDEX(Sequential!$E$2:$E$7,MATCH(A5,Sequential!$A$2:$A$7,0)) -> 8.10298 | E5: =D5/C5 -> 1.0185889 | F5: =E5/B5 -> 0.12732361 | G5: =B5 -> 8
A6: 400 | B6: 1 | C6: =SUMPRODUCT((Parallel!$A$2:$A$17=A6)*(Parallel!$B$2:$B$17=B6)*Parallel!$F$2:$F$17) -> 73.349833 | D6: =INDEX(Sequential!$E$2:$E$7,MATCH(A6,Sequential!$A$2:$A$7,0)) -> 66.373667 | E6: =D6/C6 -> 0.90489185 | F6: =E6/B6 -> 0.90489185 | G6: =B6 -> 1
A7: 400 | B7: 2 | C7: =SUMPRODUCT((Parallel!$A$2:$A$17=A7)*(Parallel!$B$2:$B$17=B7)*Parallel!$F$2:$F$17) -> 72.6163 | D7: =INDEX(Sequential!$E$2:$E$7,MATCH(A7,Sequential!$A$2:$A$7,0)) -> 66.373667 | E7: =D7/C7 -> 0.91403262 | F7: =E7/B7 -> 0.45701631 | G7: =B7 -> 2
A8: 400 | B8: 4 | C8: =SUMPRODUCT((Parallel!$A$2:$A$17=A8)*(Parallel!$B$2:$B$17=B8)*Parallel!$F$2:$F$17) -> 74.397867 | D8: =INDEX(Sequential!$E$2:$E$7,MATCH(A8,Sequential!$A$2:$A$7,0)) -> 66.373667 | E8: =D8/C8 -> 0.89214476 | F8: =E8/B8 -> 0.22303619 | G8: =B8 -> 4
A9: 400 | B9: 8 | C9: =SUMPRODUCT((Parallel!$A$2:$A$17=A9)*(Parallel!$B$2:$B$17=B9)*Parallel!$F$2:$F$17) -> 75.4499 | D9: =INDEX(Sequential!$E$2:$E$7,MATCH(A9,Sequential!$A$2:$A$7,0)) -> 66.373667 | E9: =D9/C9 -> 0.87970516 | F9: =E9/B9 -> 0.10996315 | G9: =B9 -> 8
A10: 800 | B10: 1 | C10: =SUMPRODUCT((Parallel!$A$2:$A$17=A10)*(Parallel!$B$2:$B$17=B10)*Parallel!$F$2:$F$17) -> 777.31 | D10: =INDEX(Sequential!$E$2:$E$7,MATCH(A10,Sequential!$A$2:$A$7,0)) -> 998.69233 | E10: =D10/C10 -> 1.2848057 | F10: =E10/B10 -> 1.2848057 | G10: =B10 -> 1
A11: 800 | B11: 2 | C11: =SUMPRODUCT((Parallel!$A$2:$A$17=A11)*(Parallel!$B$2:$B$17=B11)*Parallel!$F$2:$F$17) -> 834.79667 | D11: =INDEX(Sequential!$E$2:$E$7,MATCH(A11,Sequential!$A$2:$A$7,0)) -> 998.69233 | E11: =D11/C11 -> 1.19633 | F11: =E11/B11 -> 0.59816502 | G11: =B11 -> 2
A12: 800 | B12: 4 | C12: =SUMPRODUCT((Parallel!$A$2:$A$17=A12)*(Parallel!$B$2:$B$17=B12)*Parallel!$F$2:$F$17) -> 777.90467 | D12: =INDEX(Sequential!$E$2:$E$7,MATCH(A12,Sequential!$A$2:$A$7,0)) -> 998.69233 | E12: =D12/C12 -> 1.2838236 | F12: =E12/B12 -> 0.32095589 | G12: =B12 -> 4
A13: 800 | B13: 8 | C13: =SUMPRODUCT((Parallel!$A$2:$A$17=A13)*(Parallel!$B$2:$B$17=B13)*Parallel!$F$2:$F$17) -> 727.48767 | D13: =INDEX(Sequential!$E$2:$E$7,MATCH(A13,Sequential!$A$2:$A$7,0)) -> 998.69233 | E13: =D13/C13 -> 1.3727962 | F13: =E13/B13 -> 0.17159953 | G13: =B13 -> 8
... A17: 1200 | B17: 8 | C17: =SUMPRODUCT((Parallel!$A$2:$A$17=A17)*(Parallel!$B$2:$B$17=B17)*Parallel!$F$2:$F$17) -> 4216.1267 | D17: =INDEX(Sequential!$E$2:$E$7,MATCH(A17,Sequential!$A$2:$A$7,0)) -> 3772.3067 | E17: =D17/C17 -> 0.89473276 | F17: =E17/B17 -> 0.1118416 | G17: =B17 -> 8
